id,origin_node,destination_node,pickup_earliest,drop_off_latest
0,19109,19858,07:24,07:54
1,1476,19858,07:39,08:09
2,663,19858,07:38,08:08
3,2769,19858,07:46,08:16
4,6483,19858,06:55,07:25
5,22348,19858,08:26,08:56
6,13293,19858,07:21,07:51
7,2903,19858,08:17,08:47
8,15547,19858,07:18,07:48
9,5931,19858,06:33,07:03
10,1248,19858,08:03,08:33
11,17484,19858,07:23,07:53
12,15926,19858,06:39,07:09
13,15806,19858,07:10,07:40
14,11195,19858,07:23,07:53
15,12312,19858,08:03,08:33
16,5096,19858,07:32,08:02
17,1241,19858,08:11,08:41
18,20764,19858,07:31,08:01
19,6659,19858,07:03,07:33
20,17725,19858,06:54,07:24
21,15743,19858,07:32,08:02
22,21806,19858,07:56,08:26
23,4385,19858,07:48,08:18
24,21466,19858,07:02,07:32
25,6501,19858,06:41,07:11
26,7883,19858,08:04,08:34
27,21848,19858,07:28,07:58
28,11670,19858,07:04,07:34
29,22838,19858,07:24,07:54
30,19721,19858,06:53,07:23
31,21659,19858,06:32,07:02
32,5590,19858,08:22,08:52
33,12310,19858,07:10,07:40
34,6102,19858,07:18,07:48
35,10569,19858,07:09,07:39
36,13593,19858,08:06,08:36
37,13884,19858,07:20,07:50
38,22177,19858,06:36,07:06
39,1315,19858,06:42,07:12
40,699,19858,08:17,08:47
41,6262,19858,06:49,07:19
42,13480,19858,06:51,07:21
43,17774,19858,07:29,07:59
44,18546,19858,07:13,07:43
45,19063,19858,06:50,07:20
46,11340,19858,08:10,08:40
47,9342,19858,07:24,07:54
48,15388,19858,07:41,08:11
49,10714,19858,08:26,08:56
50,19233,19858,07:47,08:17
51,4284,19858,07:46,08:16
52,20560,19858,07:32,08:02
53,14427,19858,07:51,08:21
54,18603,19858,06:31,07:01
55,7173,19858,07:05,07:35
56,1628,19858,07:59,08:29
57,14417,19858,07:42,08:12
58,10158,19858,07:38,08:08
59,9021,19858,08:40,09:10
60,4180,19858,06:40,07:10
61,6251,19858,07:05,07:35
62,5593,19858,07:48,08:18
63,884,19858,07:11,07:41
64,12550,19858,07:22,07:52
65,757,19858,08:02,08:32
66,14409,19858,08:01,08:31
67,19335,19858,07:22,07:52
68,21868,19858,06:44,07:14
69,6207,19858,06:37,07:07
70,18347,19858,07:03,07:33
71,8823,19858,07:07,07:37
72,10361,19858,07:48,08:18
73,11472,19858,06:37,07:07
74,1471,19858,06:36,07:06
75,13870,19858,07:01,07:31
76,21654,19858,07:38,08:08
77,13841,19858,07:09,07:39
78,11680,19858,08:50,09:20
79,21772,19858,07:40,08:10
80,20094,19858,08:08,08:38
81,19560,19858,06:53,07:23
82,2278,19858,07:07,07:37
83,8919,19858,06:58,07:28
84,7567,19858,07:48,08:18
85,7590,19858,06:34,07:04
86,18725,19858,06:47,07:17
87,221,19858,06:59,07:29
88,12000,19858,07:40,08:10
89,4008,19858,07:44,08:14
90,15673,19858,07:55,08:25
91,21449,19858,06:58,07:28
92,15695,19858,08:06,08:36
93,13965,19858,07:18,07:48
94,14578,19858,06:46,07:16
95,10134,19858,08:45,09:15
96,12615,19858,06:32,07:02
97,21308,19858,07:58,08:28
98,19282,19858,06:41,07:11
99,12021,19858,07:33,08:03
100,9335,19858,07:13,07:43
101,19838,19858,08:43,09:13
102,18177,19858,07:40,08:10
103,5087,19858,07:32,08:02
104,12716,19858,07:07,07:37
105,4149,19858,06:59,07:29
106,19018,19858,07:43,08:13
107,10758,19858,07:58,08:28
108,17477,19858,07:54,08:24
109,2764,19858,07:14,07:44
110,14470,19858,08:31,09:01
111,7329,19858,08:00,08:30
112,21312,19858,07:38,08:08
113,6874,19858,07:23,07:53
114,2936,19858,07:11,07:41
115,9069,19858,07:28,07:58
116,18422,19858,06:54,07:24
117,12783,19858,08:40,09:10
118,5811,19858,07:09,07:39
119,6151,19858,07:25,07:55
120,21482,19858,06:59,07:29
121,3789,19858,06:55,07:25
122,13424,19858,08:20,08:50
123,2878,19858,07:04,07:34
124,18269,19858,07:01,07:31
125,1091,19858,08:55,09:25
126,21095,19858,06:59,07:29
127,709,19858,08:01,08:31
128,4819,19858,07:11,07:41
129,12161,19858,08:54,09:24
130,4134,19858,07:18,07:48
131,19155,19858,06:56,07:26
132,22242,19858,07:26,07:56
133,16560,19858,08:48,09:18
134,15696,19858,07:10,07:40
135,9688,19858,06:59,07:29
136,21287,19858,08:46,09:16
137,14736,19858,07:54,08:24
138,4465,19858,07:58,08:28
139,503,19858,07:36,08:06
140,6531,19858,06:40,07:10
141,13577,19858,06:58,07:28
142,9485,19858,07:11,07:41
143,18024,19858,07:04,07:34
144,8702,19858,06:43,07:13
145,20665,19858,06:49,07:19
146,11208,19858,08:54,09:24
147,14655,19858,07:00,07:30
148,859,19858,07:05,07:35
149,13561,19858,08:02,08:32
150,7694,19858,07:54,08:24
151,13704,19858,07:38,08:08
152,13895,19858,07:40,08:10
153,11183,19858,07:44,08:14
154,16413,19858,07:38,08:08
155,5712,19858,07:50,08:20
156,5118,19858,07:40,08:10
157,1996,19858,06:49,07:19
158,19375,19858,07:22,07:52
159,3793,19858,08:42,09:12
160,3546,19858,08:36,09:06
161,6174,19858,06:47,07:17
162,16039,19858,07:48,08:18
163,2739,19858,07:50,08:20
164,16335,19858,07:02,07:32
165,8539,19858,07:53,08:23
166,7092,19858,07:22,07:52
167,8088,19858,07:21,07:51
168,18136,19858,07:17,07:47
169,6267,19858,07:41,08:11
170,10912,19858,07:33,08:03
171,2589,19858,08:07,08:37
172,6942,19858,08:09,08:39
173,22446,19858,07:20,07:50
174,18019,19858,08:46,09:16
175,6954,19858,08:26,08:56
176,861,19858,08:33,09:03
177,15622,19858,08:28,08:58
178,16129,19858,06:38,07:08
179,22473,19858,08:53,09:23
180,9615,19858,07:27,07:57
181,9924,19858,07:38,08:08
182,9068,19858,09:00,09:30
183,13346,19858,06:57,07:27
184,780,19858,07:44,08:14
185,2788,19858,07:52,08:22
186,13341,19858,06:46,07:16
187,17558,19858,06:59,07:29
188,1771,19858,07:31,08:01
189,15268,19858,06:37,07:07
190,6506,19858,07:40,08:10
191,11512,19858,06:46,07:16
192,8113,19858,07:25,07:55
193,13727,19858,07:05,07:35
194,4011,19858,08:36,09:06
195,22402,19858,06:58,07:28
196,22408,19858,08:23,08:53
197,7853,19858,07:33,08:03
198,7458,19858,07:18,07:48
199,933,19858,07:42,08:12
200,12377,19858,06:35,07:05
201,19062,19858,07:03,07:33
202,3243,19858,07:52,08:22
203,10964,19858,07:16,07:46
204,14594,19858,06:41,07:11
205,11590,19858,08:15,08:45
206,1411,19858,08:30,09:00
207,6120,19858,07:32,08:02
208,2024,19858,06:54,07:24
209,13881,19858,08:28,08:58
210,1467,19858,08:47,09:17
211,4256,19858,07:24,07:54
212,15942,19858,08:18,08:48
213,21645,19858,07:26,07:56
214,16678,19858,08:10,08:40
215,19278,19858,06:34,07:04
216,5860,19858,08:28,08:58
217,418,19858,06:48,07:18
218,8734,19858,07:12,07:42
219,12767,19858,06:54,07:24
220,5560,19858,07:29,07:59
221,2867,19858,07:34,08:04
222,19081,19858,07:38,08:08
223,20780,19858,07:58,08:28
224,1610,19858,06:47,07:17
225,14835,19858,08:28,08:58
226,8828,19858,06:51,07:21
227,1424,19858,07:04,07:34
228,1453,19858,07:38,08:08
229,20069,19858,07:34,08:04
230,10270,19858,06:50,07:20
231,13879,19858,07:26,07:56
232,3856,19858,07:48,08:18
233,3033,19858,08:07,08:37
234,20213,19858,08:06,08:36
235,15183,19858,08:05,08:35
236,21545,19858,06:58,07:28
237,12989,19858,07:39,08:09
238,15557,19858,07:41,08:11
239,8990,19858,06:37,07:07
240,17230,19858,07:40,08:10
241,7932,19858,06:44,07:14
242,6194,19858,06:52,07:22
243,17923,19858,06:47,07:17
244,18494,19858,07:10,07:40
245,12018,19858,07:28,07:58
246,9353,19858,08:38,09:08
247,8888,19858,07:58,08:28
248,6299,19858,06:36,07:06
249,6323,19858,07:02,07:32
250,13578,19858,07:25,07:55
251,15247,19858,07:32,08:02
252,2866,19858,07:55,08:25
253,9902,19858,08:40,09:10
254,17501,19858,08:32,09:02
255,21810,19858,06:52,07:22
256,21945,19858,07:59,08:29
257,9517,19858,07:11,07:41
258,926,19858,08:41,09:11
259,21920,19858,07:06,07:36
260,11038,19858,08:18,08:48
261,1124,19858,07:46,08:16
262,15833,19858,08:40,09:10
263,9503,19858,07:28,07:58
264,739,19858,08:31,09:01
265,17607,19858,07:33,08:03
266,925,19858,08:20,08:50
267,5489,19858,07:07,07:37
268,13685,19858,07:16,07:46
269,645,19858,07:15,07:45
270,7864,19858,07:50,08:20
271,9672,19858,08:59,09:29
272,4752,19858,08:25,08:55
273,15208,19858,07:13,07:43
274,11210,19858,07:01,07:31
275,17872,19858,07:09,07:39
276,1712,19858,06:39,07:09
277,8529,19858,07:56,08:26
278,18776,19858,08:45,09:15
279,781,19858,07:07,07:37
280,8413,19858,07:50,08:20
281,22944,19858,07:41,08:11
282,7769,19858,07:42,08:12
283,17215,19858,08:12,08:42
284,6568,19858,06:35,07:05
285,2053,19858,06:36,07:06
286,14961,19858,08:12,08:42
287,5753,19858,07:28,07:58
288,15929,19858,09:00,09:30
289,17239,19858,07:25,07:55
290,7772,19858,07:01,07:31
291,2507,19858,07:46,08:16
292,406,19858,07:42,08:12
293,3541,19858,08:32,09:02
294,21478,19858,06:47,07:17
295,13418,19858,07:33,08:03
296,21520,19858,07:28,07:58
297,22155,19858,07:20,07:50
298,8375,19858,07:08,07:38
299,1270,19858,07:13,07:43
300,18353,19858,07:27,07:57
301,7610,19858,07:43,08:13
302,11684,19858,07:04,07:34
303,4303,19858,06:58,07:28
304,12510,19858,07:20,07:50
305,15930,19858,07:38,08:08
306,2579,19858,08:48,09:18
307,14951,19858,07:43,08:13
308,946,19858,06:49,07:19
309,1051,19858,06:43,07:13
310,21682,19858,06:48,07:18
311,6676,19858,06:39,07:09
312,5767,19858,07:43,08:13
313,22421,19858,07:17,07:47
314,1360,19858,07:28,07:58
315,5266,19858,07:28,07:58
316,7835,19858,07:46,08:16
317,960,19858,07:34,08:04
318,11469,19858,08:32,09:02
319,7451,19858,08:36,09:06
320,4091,19858,06:37,07:07
321,9648,19858,07:30,08:00
322,8561,19858,06:48,07:18
323,3851,19858,08:35,09:05
324,11744,19858,07:52,08:22
325,8209,19858,06:56,07:26
326,6975,19858,07:34,08:04
327,2805,19858,08:32,09:02
328,1732,19858,08:58,09:28
329,6514,19858,08:25,08:55
330,7359,19858,08:16,08:46
331,6235,19858,06:38,07:08
332,14455,19858,07:56,08:26
333,7998,19858,07:03,07:33
334,12127,19858,07:32,08:02
335,9597,19858,07:14,07:44
336,3472,19858,08:39,09:09
337,4487,19858,07:17,07:47
338,16588,19858,08:07,08:37
339,15835,19858,07:01,07:31
340,14968,19858,07:31,08:01
341,2983,19858,06:56,07:26
342,17365,19858,07:57,08:27
343,10850,19858,07:19,07:49
344,634,19858,07:21,07:51
345,6300,19858,07:24,07:54
346,8101,19858,07:39,08:09
347,20059,19858,07:39,08:09
348,11706,19858,06:42,07:12
349,16787,19858,07:30,08:00
350,498,19858,08:08,08:38
351,1305,19858,07:32,08:02
352,7855,19858,07:18,07:48
353,101,19858,06:35,07:05
354,16102,19858,06:53,07:23
355,9361,19858,08:43,09:13
356,1263,19858,08:26,08:56
357,12124,19858,06:56,07:26
358,1649,19858,06:36,07:06
359,2034,19858,07:50,08:20
360,22172,19858,08:54,09:24
361,8190,19858,08:46,09:16
362,2067,19858,07:45,08:15
363,6543,19858,06:57,07:27
364,15502,19858,07:26,07:56
365,5049,19858,06:35,07:05
366,12199,19858,07:22,07:52
367,4549,19858,07:48,08:18
368,22608,19858,07:41,08:11
369,4252,19858,07:28,07:58
370,10273,19858,06:36,07:06
371,8706,19858,07:40,08:10
372,9650,19858,07:19,07:49
373,14228,19858,07:46,08:16
374,4027,19858,08:19,08:49
375,13643,19858,07:14,07:44
376,4100,19858,06:50,07:20
377,8383,19858,07:10,07:40
378,14875,19858,07:08,07:38
379,14883,19858,07:21,07:51
380,18720,19858,07:56,08:26
381,4128,19858,07:09,07:39
382,10218,19858,08:21,08:51
383,20222,19858,07:23,07:53
384,13311,19858,06:42,07:12
385,9403,19858,06:45,07:15
386,366,19858,06:53,07:23
387,10313,19858,06:41,07:11
388,10274,19858,07:19,07:49
389,18966,19858,08:22,08:52
390,21867,19858,06:58,07:28
391,999,19858,07:07,07:37
392,9423,19858,07:18,07:48
393,17317,19858,07:25,07:55
394,7489,19858,08:49,09:19
395,1164,19858,07:58,08:28
396,11926,19858,07:49,08:19
397,13536,19858,07:49,08:19
398,1258,19858,08:03,08:33
399,15747,19858,07:11,07:41
400,8340,19858,06:31,07:01
401,18301,19858,07:54,08:24
402,14702,19858,07:12,07:42
403,11345,19858,08:28,08:58
404,17682,19858,07:40,08:10
405,12892,19858,06:58,07:28
406,13616,19858,07:54,08:24
407,16446,19858,07:00,07:30
408,6219,19858,07:40,08:10
409,5196,19858,06:41,07:11
410,8882,19858,08:12,08:42
411,5896,19858,07:46,08:16
412,9571,19858,07:38,08:08
413,22000,19858,07:41,08:11
414,14087,19858,06:35,07:05
415,5188,19858,07:19,07:49
416,19260,19858,07:26,07:56
417,1292,19858,07:05,07:35
418,6319,19858,07:26,07:56
419,1388,19858,08:21,08:51
420,21318,19858,07:35,08:05
421,5119,19858,07:06,07:36
422,4472,19858,08:16,08:46
423,1218,19858,07:24,07:54
424,11783,19858,07:06,07:36
425,1598,19858,06:42,07:12
426,11256,19858,07:59,08:29
427,11461,19858,07:30,08:00
428,12647,19858,08:55,09:25
429,8473,19858,08:09,08:39
430,9445,19858,06:59,07:29
431,11300,19858,08:50,09:20
432,3014,19858,06:34,07:04
433,15841,19858,07:19,07:49
434,22354,19858,08:38,09:08
435,448,19858,07:14,07:44
436,5357,19858,07:24,07:54
437,22961,19858,06:49,07:19
438,20429,19858,06:54,07:24
439,21895,19858,07:41,08:11
440,16493,19858,08:37,09:07
441,9741,19858,07:04,07:34
442,15615,19858,07:25,07:55
443,19842,19858,07:44,08:14
444,18903,19858,07:47,08:17
445,7884,19858,07:11,07:41
446,8274,19858,07:17,07:47
447,9406,19858,08:50,09:20
448,10248,19858,06:31,07:01
449,8469,19858,08:59,09:29
450,14607,19858,06:30,07:00
451,22603,19858,08:45,09:15
452,18357,19858,06:59,07:29
453,7172,19858,07:56,08:26
454,8057,19858,08:10,08:40
455,110,19858,07:59,08:29
456,8996,19858,06:37,07:07
457,3854,19858,08:04,08:34
458,218,19858,07:49,08:19
459,12009,19858,07:05,07:35
460,16546,19858,08:02,08:32
461,14310,19858,08:02,08:32
462,19831,19858,08:12,08:42
463,17295,19858,08:21,08:51
464,12994,19858,07:42,08:12
465,7378,19858,08:28,08:58
466,10605,19858,07:11,07:41
467,9929,19858,07:38,08:08
468,22675,19858,06:57,07:27
469,7609,19858,08:02,08:32
470,7142,19858,06:42,07:12
471,4721,19858,07:14,07:44
472,10507,19858,08:37,09:07
473,8547,19858,07:02,07:32
474,5929,19858,06:39,07:09
475,11133,19858,08:42,09:12
476,8160,19858,07:52,08:22
477,2819,19858,07:59,08:29
478,15699,19858,06:36,07:06
479,4240,19858,08:45,09:15
480,22676,19858,06:49,07:19
481,7511,19858,07:37,08:07
482,8140,19858,08:07,08:37
483,16277,19858,08:34,09:04
484,11145,19858,08:16,08:46
485,441,19858,06:58,07:28
486,20806,19858,06:48,07:18
487,16005,19858,07:32,08:02
488,14882,19858,07:59,08:29
489,1331,19858,08:58,09:28
490,20167,19858,08:21,08:51
491,7467,19858,08:28,08:58
492,1287,19858,06:45,07:15
493,11746,19858,06:31,07:01
494,391,19858,06:53,07:23
495,18190,19858,07:16,07:46
496,8744,19858,07:40,08:10
497,5180,19858,08:33,09:03
498,14820,19858,07:25,07:55
499,8336,19858,07:38,08:08
500,18558,19858,07:23,07:53
501,8658,19858,07:54,08:24
502,9433,19858,07:12,07:42
503,16542,19858,07:26,07:56
504,6070,19858,08:24,08:54
505,14301,19858,07:44,08:14
506,10950,19858,07:21,07:51
507,16587,19858,07:33,08:03
508,17793,19858,07:15,07:45
509,22353,19858,06:49,07:19
510,15157,19858,07:01,07:31
511,7348,19858,06:46,07:16
512,878,19858,08:04,08:34
513,15716,19858,07:03,07:33
514,20291,19858,07:31,08:01
515,5356,19858,07:49,08:19
516,1099,19858,07:33,08:03
517,12514,19858,08:41,09:11
518,17532,19858,06:59,07:29
519,10919,19858,07:26,07:56
520,4993,19858,06:59,07:29
521,17606,19858,07:57,08:27
522,21768,19858,06:46,07:16
523,8746,19858,08:45,09:15
524,14849,19858,06:56,07:26
525,13718,19858,07:28,07:58
526,6982,19858,07:25,07:55
527,10777,19858,06:54,07:24
528,4647,19858,07:31,08:01
529,11056,19858,07:23,07:53
530,19116,19858,07:09,07:39
531,12781,19858,07:35,08:05
532,7455,19858,06:38,07:08
533,12350,19858,07:01,07:31
534,17494,19858,08:40,09:10
535,15549,19858,06:46,07:16
536,9958,19858,08:06,08:36
537,16396,19858,07:15,07:45
538,18846,19858,08:41,09:11
539,5409,19858,08:23,08:53
540,11738,19858,07:00,07:30
541,10885,19858,08:00,08:30
542,475,19858,07:32,08:02
543,13560,19858,07:24,07:54
544,8964,19858,06:55,07:25
545,18541,19858,07:40,08:10
546,17964,19858,07:52,08:22
547,13970,19858,06:58,07:28
548,6670,19858,08:48,09:18
549,17792,19858,06:30,07:00
550,22205,19858,07:11,07:41
551,271,19858,08:07,08:37
552,1332,19858,08:12,08:42
553,440,19858,07:49,08:19
554,11445,19858,08:16,08:46
555,15596,19858,07:39,08:09
556,3012,19858,06:31,07:01
557,4641,19858,07:33,08:03
558,7587,19858,08:58,09:28
559,8898,19858,07:27,07:57
560,679,19858,06:58,07:28
561,11226,19858,07:44,08:14
562,21815,19858,07:30,08:00
563,21108,19858,06:38,07:08
564,7490,19858,07:35,08:05
565,16754,19858,06:54,07:24
566,376,19858,07:22,07:52
567,11196,19858,07:33,08:03
568,17453,19858,07:51,08:21
569,16055,19858,07:19,07:49
570,2124,19858,07:07,07:37
571,2768,19858,07:23,07:53
572,11970,19858,07:38,08:08
573,1576,19858,08:11,08:41
574,18587,19858,07:29,07:59
575,9716,19858,07:08,07:38
576,22139,19858,07:09,07:39
577,6526,19858,08:02,08:32
578,5175,19858,07:49,08:19
579,18430,19858,06:32,07:02
580,21735,19858,06:38,07:08
581,15978,19858,08:39,09:09
582,16108,19858,07:44,08:14
583,15643,19858,07:38,08:08
584,76,19858,07:30,08:00
585,22137,19858,06:43,07:13
586,13278,19858,08:24,08:54
587,8935,19858,06:56,07:26
588,3849,19858,06:33,07:03
589,15469,19858,08:56,09:26
590,18252,19858,08:44,09:14
591,5204,19858,06:58,07:28
592,12918,19858,07:18,07:48
593,8768,19858,07:10,07:40
594,10729,19858,06:49,07:19
595,13068,19858,07:22,07:52
596,2823,19858,07:11,07:41
597,22310,19858,08:45,09:15
598,4926,19858,07:26,07:56
599,9072,19858,07:17,07:47
600,19078,19858,06:51,07:21
601,3978,19858,08:26,08:56
602,980,19858,07:15,07:45
603,4890,19858,07:53,08:23
604,1396,19858,06:58,07:28
605,6955,19858,08:41,09:11
606,8270,19858,07:31,08:01
607,8420,19858,07:27,07:57
608,11640,19858,06:53,07:23
609,7485,19858,07:50,08:20
610,12196,19858,08:48,09:18
611,12613,19858,07:12,07:42
612,8924,19858,06:51,07:21
613,22522,19858,07:43,08:13
614,18471,19858,07:45,08:15
615,14713,19858,07:13,07:43
616,20264,19858,07:36,08:06
617,15884,19858,07:25,07:55
618,5720,19858,08:09,08:39
619,5921,19858,07:40,08:10
620,5418,19858,08:03,08:33
621,3081,19858,08:23,08:53
622,6993,19858,08:00,08:30
623,10109,19858,06:50,07:20
624,15719,19858,07:25,07:55
625,820,19858,07:24,07:54
626,9048,19858,08:12,08:42
627,9295,19858,07:02,07:32
628,6493,19858,07:53,08:23
629,6945,19858,07:29,07:59
630,7927,19858,07:19,07:49
631,17791,19858,07:32,08:02
632,13682,19858,06:47,07:17
633,19124,19858,07:49,08:19
634,1159,19858,08:17,08:47
635,9460,19858,07:10,07:40
636,14471,19858,07:12,07:42
637,11794,19858,06:45,07:15
638,10727,19858,06:59,07:29
639,69,19858,08:34,09:04
640,8730,19858,07:39,08:09
641,5085,19858,07:46,08:16
642,13382,19858,07:10,07:40
643,13241,19858,08:00,08:30
644,14899,19858,07:07,07:37
645,22491,19858,08:25,08:55
646,18305,19858,06:42,07:12
647,4337,19858,06:44,07:14
648,21585,19858,07:12,07:42
649,6884,19858,07:26,07:56
650,12414,19858,08:31,09:01
651,8357,19858,08:51,09:21
652,12617,19858,08:32,09:02
653,1535,19858,07:31,08:01
654,14971,19858,08:44,09:14
655,16502,19858,08:40,09:10
656,1896,19858,07:37,08:07
657,4940,19858,07:00,07:30
658,12421,19858,07:28,07:58
659,19697,19858,08:35,09:05
660,15748,19858,08:40,09:10
661,9241,19858,06:48,07:18
662,804,19858,06:42,07:12
663,2872,19858,07:55,08:25
664,4759,19858,07:09,07:39
665,8904,19858,07:03,07:33
666,16003,19858,07:21,07:51
667,882,19858,06:38,07:08
668,14885,19858,07:49,08:19
669,6792,19858,07:50,08:20
670,241,19858,08:13,08:43
671,8237,19858,08:23,08:53
672,657,19858,07:17,07:47
673,8204,19858,08:08,08:38
674,21738,19858,07:45,08:15
675,19307,19858,07:38,08:08
676,4480,19858,07:28,07:58
677,10186,19858,07:22,07:52
678,22709,19858,07:04,07:34
679,13868,19858,06:49,07:19
680,8750,19858,07:24,07:54
681,16843,19858,07:39,08:09
682,6563,19858,08:14,08:44
683,8033,19858,06:55,07:25
684,18825,19858,06:33,07:03
685,18444,19858,06:34,07:04
686,3027,19858,07:02,07:32
687,8618,19858,08:27,08:57
688,7624,19858,07:52,08:22
689,12517,19858,08:48,09:18
690,548,19858,06:42,07:12
691,4448,19858,07:31,08:01
692,718,19858,07:23,07:53
693,3030,19858,08:16,08:46
694,15059,19858,06:44,07:14
695,10679,19858,08:05,08:35
696,7912,19858,08:42,09:12
697,21480,19858,08:56,09:26
698,8343,19858,07:06,07:36
699,5364,19858,07:38,08:08
700,5952,19858,06:59,07:29
701,15768,19858,06:38,07:08
702,7591,19858,06:56,07:26
703,18397,19858,07:24,07:54
704,15606,19858,06:48,07:18
705,1881,19858,07:39,08:09
706,16522,19858,07:04,07:34
707,4364,19858,07:06,07:36
708,7613,19858,07:44,08:14
709,1084,19858,07:38,08:08
710,13305,19858,06:57,07:27
711,6346,19858,07:19,07:49
712,847,19858,07:18,07:48
713,11065,19858,07:23,07:53
714,11464,19858,07:16,07:46
715,7472,19858,07:27,07:57
716,9885,19858,07:33,08:03
717,4136,19858,06:37,07:07
718,11975,19858,07:15,07:45
719,9109,19858,06:51,07:21
720,19005,19858,06:51,07:21
721,14318,19858,08:37,09:07
722,17693,19858,06:51,07:21
723,22158,19858,07:21,07:51
724,6943,19858,07:29,07:59
725,12569,19858,08:58,09:28
726,19482,19858,07:05,07:35
727,15169,19858,08:04,08:34
728,10882,19858,07:34,08:04
729,11752,19858,08:06,08:36
730,9106,19858,08:01,08:31
731,729,19858,08:00,08:30
732,1469,19858,06:47,07:17
733,1404,19858,07:02,07:32
734,10701,19858,07:08,07:38
735,8636,19858,07:20,07:50
736,22705,19858,08:47,09:17
737,5917,19858,07:43,08:13
738,4760,19858,07:43,08:13
739,14130,19858,07:36,08:06
740,18102,19858,06:40,07:10
741,10824,19858,07:26,07:56
742,814,19858,08:32,09:02
743,15594,19858,08:01,08:31
744,1639,19858,06:43,07:13
745,14879,19858,07:10,07:40
746,16519,19858,07:19,07:49
747,9750,19858,07:12,07:42
748,21891,19858,07:41,08:11
749,7000,19858,06:59,07:29
750,11074,19858,07:24,07:54
751,13474,19858,06:45,07:15
752,11032,19858,07:56,08:26
753,8700,19858,08:01,08:31
754,14058,19858,08:36,09:06
755,9172,19858,06:37,07:07
756,13314,19858,07:11,07:41
757,19179,19858,07:14,07:44
758,14958,19858,07:26,07:56
759,3742,19858,06:59,07:29
760,15053,19858,07:21,07:51
761,10731,19858,07:28,07:58
762,12532,19858,08:47,09:17
763,9594,19858,06:59,07:29
764,3811,19858,07:29,07:59
765,5463,19858,06:58,07:28
766,14156,19858,08:11,08:41
767,2505,19858,06:53,07:23
768,6448,19858,08:51,09:21
769,5826,19858,07:42,08:12
770,17983,19858,07:29,07:59
771,22461,19858,06:39,07:09
772,6680,19858,08:00,08:30
773,17575,19858,07:28,07:58
774,12893,19858,06:59,07:29
775,2030,19858,08:19,08:49
776,22100,19858,08:31,09:01
777,7340,19858,07:42,08:12
778,1372,19858,08:19,08:49
779,18426,19858,07:11,07:41
780,15166,19858,08:10,08:40
781,12961,19858,07:37,08:07
782,21724,19858,08:08,08:38
783,3964,19858,06:36,07:06
784,9082,19858,07:20,07:50
785,21625,19858,07:09,07:39
786,12501,19858,08:08,08:38
787,8928,19858,07:36,08:06
788,1382,19858,06:52,07:22
789,18433,19858,08:09,08:39
790,1506,19858,07:14,07:44
791,18674,19858,07:25,07:55
792,12202,19858,07:52,08:22
793,198,19858,06:30,07:00
794,13876,19858,07:10,07:40
795,22556,19858,07:42,08:12
796,15708,19858,07:33,08:03
797,2854,19858,08:07,08:37
798,14108,19858,08:02,08:32
799,6529,19858,07:31,08:01
800,13506,19858,06:40,07:10
801,21747,19858,07:21,07:51
802,7544,19858,08:51,09:21
803,5968,19858,07:19,07:49
804,18298,19858,08:15,08:45
805,9651,19858,07:12,07:42
806,22320,19858,07:56,08:26
807,8454,19858,07:02,07:32
808,8020,19858,07:50,08:20
809,5100,19858,07:03,07:33
810,14464,19858,06:43,07:13
811,3906,19858,07:58,08:28
812,14225,19858,07:12,07:42
813,1643,19858,07:47,08:17
814,5851,19858,08:23,08:53
815,4800,19858,07:40,08:10
816,12966,19858,06:36,07:06
817,18394,19858,06:51,07:21
818,5557,19858,07:31,08:01
819,1240,19858,07:25,07:55
820,12347,19858,06:56,07:26
821,745,19858,07:34,08:04
822,17926,19858,06:42,07:12
823,20058,19858,07:23,07:53
824,22565,19858,07:38,08:08
825,2775,19858,08:12,08:42
826,5706,19858,07:45,08:15
827,10942,19858,07:54,08:24
828,4882,19858,07:53,08:23
829,21745,19858,06:56,07:26
830,1611,19858,07:07,07:37
831,13291,19858,08:30,09:00
832,1724,19858,07:40,08:10
833,4322,19858,06:55,07:25
834,9513,19858,06:37,07:07
835,12540,19858,08:17,08:47
836,956,19858,06:53,07:23
837,20062,19858,06:55,07:25
838,10780,19858,08:22,08:52
839,1579,19858,07:51,08:21
840,18635,19858,06:46,07:16
841,17444,19858,07:00,07:30
842,5035,19858,07:51,08:21
843,15060,19858,08:14,08:44
844,5872,19858,07:27,07:57
845,8554,19858,06:49,07:19
846,15921,19858,08:42,09:12
847,1658,19858,06:33,07:03
848,13372,19858,08:21,08:51
849,12369,19858,09:00,09:30
850,12040,19858,07:00,07:30
851,6340,19858,07:01,07:31
852,14833,19858,07:32,08:02
853,1657,19858,08:05,08:35
854,20208,19858,07:40,08:10
855,607,19858,08:01,08:31
856,2763,19858,06:44,07:14
857,15417,19858,07:15,07:45
858,1349,19858,08:29,08:59
859,9746,19858,08:32,09:02
860,839,19858,07:13,07:43
861,5964,19858,07:40,08:10
862,5542,19858,06:54,07:24
863,1284,19858,06:57,07:27
864,6431,19858,07:25,07:55
865,19417,19858,08:37,09:07
866,7443,19858,08:21,08:51
867,2792,19858,08:06,08:36
868,19519,19858,07:49,08:19
869,21540,19858,07:25,07:55
870,4080,19858,07:50,08:20
871,19527,19858,07:30,08:00
872,13310,19858,07:34,08:04
873,8478,19858,07:37,08:07
874,2099,19858,07:43,08:13
875,8451,19858,06:50,07:20
876,11737,19858,06:51,07:21
877,21323,19858,07:11,07:41
878,16134,19858,06:52,07:22
879,1728,19858,07:57,08:27
880,6250,19858,06:41,07:11
881,10466,19858,08:05,08:35
882,4916,19858,07:39,08:09
883,15613,19858,07:26,07:56
884,1189,19858,06:33,07:03
885,5883,19858,07:04,07:34
886,6025,19858,08:42,09:12
887,987,19858,06:37,07:07
888,5032,19858,07:41,08:11
889,1238,19858,07:44,08:14
890,17913,19858,08:13,08:43
891,15901,19858,07:18,07:48
892,18050,19858,07:31,08:01
893,1877,19858,07:06,07:36
894,20586,19858,06:40,07:10
895,13635,19858,07:11,07:41
896,7324,19858,07:20,07:50
897,15819,19858,08:18,08:48
898,17743,19858,08:02,08:32
899,7812,19858,07:52,08:22
900,17531,19858,07:10,07:40
901,7913,19858,06:57,07:27
902,12219,19858,07:21,07:51
903,15466,19858,08:15,08:45
904,2951,19858,07:18,07:48
905,4530,19858,08:28,08:58
906,367,19858,07:21,07:51
907,535,19858,08:09,08:39
908,13596,19858,08:22,08:52
909,14794,19858,07:30,08:00
910,6990,19858,07:17,07:47
911,8968,19858,08:12,08:42
912,4675,19858,06:50,07:20
913,15688,19858,07:40,08:10
914,10178,19858,06:52,07:22
915,1198,19858,06:58,07:28
916,4102,19858,07:59,08:29
917,3796,19858,08:40,09:10
918,10503,19858,07:36,08:06
919,19227,19858,06:31,07:01
920,17990,19858,08:24,08:54
921,2860,19858,06:33,07:03
922,16031,19858,07:15,07:45
923,1511,19858,07:43,08:13
924,20824,19858,08:15,08:45
925,7259,19858,08:34,09:04
926,16270,19858,07:31,08:01
927,16040,19858,08:04,08:34
928,14206,19858,08:19,08:49
929,900,19858,07:38,08:08
930,15459,19858,08:06,08:36
931,21359,19858,07:53,08:23
932,5580,19858,07:20,07:50
933,5900,19858,07:11,07:41
934,19304,19858,07:43,08:13
935,5113,19858,07:00,07:30
936,8757,19858,06:44,07:14
937,738,19858,07:38,08:08
938,787,19858,08:10,08:40
939,20211,19858,07:56,08:26
940,9727,19858,07:55,08:25
941,18137,19858,08:00,08:30
942,15188,19858,08:27,08:57
943,906,19858,07:56,08:26
944,13871,19858,07:42,08:12
945,16155,19858,08:06,08:36
946,9091,19858,08:28,08:58
947,13887,19858,08:04,08:34
948,17770,19858,07:39,08:09
949,12063,19858,07:20,07:50
950,10624,19858,07:09,07:39
951,20459,19858,06:56,07:26
952,22514,19858,07:44,08:14
953,14467,19858,07:59,08:29
954,6439,19858,06:32,07:02
955,1095,19858,08:49,09:19
956,9610,19858,06:32,07:02
957,1221,19858,08:32,09:02
958,16377,19858,07:08,07:38
959,5239,19858,08:16,08:46
960,22681,19858,07:10,07:40
961,1377,19858,08:13,08:43
962,2353,19858,08:28,08:58
963,20835,19858,07:48,08:18
964,13277,19858,08:05,08:35
965,12933,19858,07:03,07:33
966,18161,19858,07:38,08:08
967,15824,19858,07:37,08:07
968,15185,19858,08:14,08:44
969,5841,19858,08:17,08:47
970,15949,19858,07:30,08:00
971,16786,19858,07:43,08:13
972,9909,19858,07:26,07:56
973,22292,19858,06:47,07:17
974,22307,19858,07:53,08:23
975,3840,19858,06:39,07:09
976,7088,19858,07:28,07:58
977,793,19858,06:41,07:11
978,456,19858,06:49,07:19
979,19538,19858,07:34,08:04
980,4172,19858,07:48,08:18
981,5193,19858,06:42,07:12
982,21797,19858,08:02,08:32
983,16268,19858,07:06,07:36
984,8642,19858,07:39,08:09
985,15258,19858,06:48,07:18
986,3937,19858,07:31,08:01
987,8587,19858,07:38,08:08
988,11471,19858,08:22,08:52
989,5596,19858,08:49,09:19
990,12529,19858,07:53,08:23
991,14506,19858,08:24,08:54
992,11468,19858,08:44,09:14
993,5524,19858,07:45,08:15
994,9708,19858,07:12,07:42
995,11388,19858,07:25,07:55
996,13920,19858,07:24,07:54
997,18018,19858,06:53,07:23
998,20108,19858,07:33,08:03
999,2301,19858,06:43,07:13
1000,8111,19858,06:33,07:03
1001,6492,19858,06:45,07:15
1002,1527,19858,07:54,08:24
1003,22103,19858,07:27,07:57
1004,17314,19858,08:36,09:06
1005,14827,19858,08:10,08:40
1006,14992,19858,07:08,07:38
1007,18699,19858,07:29,07:59
1008,9624,19858,07:38,08:08
1009,9934,19858,07:31,08:01
1010,5665,19858,07:13,07:43
1011,14106,19858,07:38,08:08
1012,8218,19858,08:31,09:01
1013,6248,19858,07:17,07:47
1014,677,19858,08:11,08:41
1015,2762,19858,06:32,07:02
1016,18407,19858,08:06,08:36
1017,168,19858,08:17,08:47
1018,13859,19858,07:28,07:58
1019,15707,19858,08:40,09:10
1020,17916,19858,08:31,09:01
1021,1394,19858,08:01,08:31
1022,514,19858,06:54,07:24
1023,18598,19858,08:25,08:55
1024,818,19858,07:44,08:14
1025,8115,19858,08:48,09:18
1026,18607,19858,08:02,08:32
1027,18583,19858,07:51,08:21
1028,100,19858,06:39,07:09
1029,10174,19858,07:09,07:39
1030,7277,19858,08:32,09:02
1031,7283,19858,07:53,08:23
1032,18480,19858,06:36,07:06
1033,13499,19858,07:42,08:12
1034,22029,19858,07:37,08:07
1035,606,19858,06:55,07:25
1036,9491,19858,06:53,07:23
1037,11185,19858,08:17,08:47
1038,3259,19858,07:02,07:32
1039,13601,19858,08:51,09:21
1040,9457,19858,06:50,07:20
1041,16053,19858,06:44,07:14
1042,14328,19858,08:58,09:28
1043,2963,19858,06:55,07:25
1044,8371,19858,07:08,07:38
1045,7477,19858,06:55,07:25
1046,10033,19858,08:13,08:43
1047,12652,19858,06:53,07:23
1048,1081,19858,07:25,07:55
1049,10501,19858,06:53,07:23
1050,415,19858,07:47,08:17
1051,8399,19858,07:25,07:55
1052,10102,19858,07:19,07:49
1053,5227,19858,07:12,07:42
1054,19835,19858,08:14,08:44
1055,10849,19858,07:56,08:26
1056,12988,19858,07:43,08:13
1057,561,19858,07:04,07:34
1058,14639,19858,07:38,08:08
1059,15877,19858,07:53,08:23
1060,16614,19858,07:52,08:22
1061,16699,19858,07:12,07:42
1062,8896,19858,07:09,07:39
1063,19622,19858,07:30,08:00
1064,49,19858,07:00,07:30
1065,4520,19858,08:17,08:47
1066,21826,19858,06:59,07:29
1067,14387,19858,08:31,09:01
1068,16525,19858,06:54,07:24
1069,21336,19858,07:27,07:57
1070,19850,19858,06:38,07:08
1071,483,19858,06:31,07:01
1072,10298,19858,07:33,08:03
1073,258,19858,08:07,08:37
1074,13280,19858,07:10,07:40
1075,9326,19858,07:18,07:48
1076,14916,19858,06:42,07:12
1077,6864,19858,06:37,07:07
1078,8948,19858,07:06,07:36
1079,9580,19858,07:32,08:02
1080,12779,19858,08:38,09:08
1081,2066,19858,08:46,09:16
1082,3887,19858,08:50,09:20
1083,11342,19858,07:48,08:18
1084,21688,19858,07:25,07:55
1085,10500,19858,07:04,07:34
1086,4009,19858,07:35,08:05
1087,20753,19858,06:58,07:28
1088,12604,19858,07:15,07:45
1089,2416,19858,08:29,08:59
1090,17254,19858,07:49,08:19
1091,1690,19858,06:45,07:15
1092,6547,19858,07:44,08:14
1093,6032,19858,07:41,08:11
1094,1998,19858,08:03,08:33
1095,17962,19858,08:08,08:38
1096,10302,19858,06:35,07:05
1097,733,19858,08:23,08:53
1098,14380,19858,06:42,07:12
1099,17759,19858,07:39,08:09
1100,14103,19858,07:26,07:56
1101,10015,19858,06:44,07:14
1102,21843,19858,07:58,08:28
1103,7542,19858,06:52,07:22
1104,1212,19858,06:50,07:20
1105,14866,19858,07:57,08:27
1106,11140,19858,07:17,07:47
1107,15725,19858,06:40,07:10
1108,14484,19858,07:34,08:04
1109,12367,19858,07:56,08:26
1110,22401,19858,08:12,08:42
1111,11800,19858,08:15,08:45
1112,9059,19858,08:11,08:41
1113,2845,19858,06:56,07:26
1114,13036,19858,07:36,08:06
1115,11476,19858,07:15,07:45
1116,250,19858,07:43,08:13
1117,11995,19858,07:11,07:41
1118,7292,19858,08:26,08:56
1119,17386,19858,07:33,08:03
1120,12553,19858,08:03,08:33
1121,18006,19858,07:44,08:14
1122,14863,19858,08:22,08:52
1123,1474,19858,06:45,07:15
1124,18644,19858,07:36,08:06
1125,11391,19858,08:17,08:47
1126,864,19858,07:50,08:20
1127,14147,19858,06:43,07:13
1128,14986,19858,07:43,08:13
1129,5230,19858,07:50,08:20
1130,21874,19858,08:18,08:48
1131,11146,19858,07:27,07:57
1132,12388,19858,06:54,07:24
1133,6076,19858,08:32,09:02
1134,2964,19858,07:47,08:17
1135,21661,19858,07:00,07:30
1136,2791,19858,06:47,07:17
1137,8588,19858,07:02,07:32
1138,9964,19858,08:08,08:38
1139,3029,19858,07:46,08:16
1140,4953,19858,07:05,07:35
1141,6078,19858,06:38,07:08
1142,8136,19858,07:10,07:40
1143,372,19858,07:25,07:55
1144,21853,19858,08:15,08:45
1145,22704,19858,08:50,09:20
1146,4234,19858,07:11,07:41
1147,19437,19858,08:35,09:05
1148,8797,19858,08:05,08:35
1149,15980,19858,07:53,08:23
1150,20435,19858,08:32,09:02
1151,22306,19858,07:59,08:29
1152,11242,19858,07:36,08:06
1153,17683,19858,06:33,07:03
1154,7880,19858,07:33,08:03
1155,4428,19858,08:07,08:37
1156,4286,19858,07:56,08:26
1157,14089,19858,07:33,08:03
1158,9616,19858,07:47,08:17
1159,4477,19858,07:49,08:19
1160,1197,19858,06:36,07:06
1161,9173,19858,06:35,07:05
1162,9529,19858,07:18,07:48
1163,22463,19858,07:26,07:56
1164,8752,19858,07:36,08:06
1165,15276,19858,08:01,08:31
1166,4918,19858,08:12,08:42
1167,15231,19858,08:47,09:17
1168,15277,19858,07:10,07:40
1169,13614,19858,07:48,08:18
1170,12201,19858,07:50,08:20
1171,6442,19858,06:52,07:22
1172,4077,19858,08:35,09:05
1173,14906,19858,06:35,07:05
1174,17503,19858,06:58,07:28
1175,161,19858,07:22,07:52
1176,20594,19858,08:10,08:40
1177,9050,19858,08:05,08:35
1178,1515,19858,07:46,08:16
1179,18626,19858,07:43,08:13
1180,11203,19858,07:51,08:21
1181,1119,19858,07:38,08:08
1182,15862,19858,08:25,08:55
1183,22332,19858,07:25,07:55
1184,14415,19858,07:27,07:57
1185,4941,19858,08:07,08:37
1186,14622,19858,08:59,09:29
1187,13421,19858,06:33,07:03
1188,7016,19858,08:14,08:44
1189,18659,19858,07:50,08:20
1190,22150,19858,08:52,09:22
1191,5766,19858,07:50,08:20
1192,9721,19858,07:40,08:10
1193,7838,19858,07:28,07:58
1194,21508,19858,07:02,07:32
1195,19117,19858,08:23,08:53
1196,11134,19858,07:33,08:03
1197,7726,19858,07:39,08:09
1198,6410,19858,07:35,08:05
1199,8100,19858,07:54,08:24
1200,1621,19858,07:34,08:04
1201,5861,19858,06:43,07:13
1202,10145,19858,06:58,07:28
1203,1494,19858,07:35,08:05
1204,21463,19858,08:22,08:52
1205,13288,19858,07:47,08:17
1206,12278,19858,07:21,07:51
1207,9029,19858,06:35,07:05
1208,9467,19858,07:02,07:32
1209,13413,19858,07:59,08:29
1210,8225,19858,06:36,07:06
1211,17715,19858,08:19,08:49
1212,11334,19858,07:35,08:05
1213,442,19858,08:15,08:45
1214,6499,19858,06:39,07:09
1215,18087,19858,07:55,08:25
1216,16424,19858,08:16,08:46
1217,8309,19858,07:18,07:48
1218,11164,19858,07:53,08:23
1219,9444,19858,07:20,07:50
1220,4548,19858,07:29,07:59
1221,15995,19858,07:01,07:31
1222,13361,19858,08:46,09:16
1223,16275,19858,08:45,09:15
1224,9495,19858,07:27,07:57
1225,8200,19858,07:53,08:23
1226,6475,19858,07:17,07:47
1227,5874,19858,07:15,07:45
1228,8628,19858,06:32,07:02
1229,13025,19858,06:42,07:12
1230,4393,19858,08:22,08:52
1231,17769,19858,07:38,08:08
1232,20912,19858,08:01,08:31
1233,11460,19858,06:35,07:05
1234,7332,19858,08:13,08:43
1235,19024,19858,08:40,09:10
1236,895,19858,06:56,07:26
1237,8055,19858,07:15,07:45
1238,5721,19858,07:26,07:56
1239,17400,19858,07:36,08:06
1240,13381,19858,08:54,09:24
1241,7388,19858,08:51,09:21
1242,10884,19858,06:41,07:11
1243,19101,19858,07:51,08:21
1244,6242,19858,06:44,07:14
1245,15962,19858,06:57,07:27
1246,15710,19858,07:54,08:24
1247,9435,19858,07:37,08:07
1248,13238,19858,07:42,08:12
1249,6335,19858,08:13,08:43
1250,18112,19858,07:58,08:28
1251,14283,19858,08:03,08:33
1252,15156,19858,08:21,08:51
1253,9602,19858,07:15,07:45
1254,16683,19858,07:16,07:46
1255,11497,19858,07:20,07:50
1256,18774,19858,07:32,08:02
1257,12189,19858,07:33,08:03
1258,15608,19858,07:44,08:14
1259,19775,19858,06:50,07:20
1260,12614,19858,08:29,08:59
1261,11584,19858,08:39,09:09
1262,13886,19858,07:34,08:04
1263,22594,19858,07:13,07:43
1264,14832,19858,08:30,09:00
1265,1793,19858,08:46,09:16
1266,17580,19858,07:16,07:46
1267,9744,19858,08:56,09:26
1268,5260,19858,07:21,07:51
1269,10961,19858,07:26,07:56
1270,19283,19858,07:57,08:27
1271,19133,19858,07:32,08:02
1272,2898,19858,08:25,08:55
1273,9531,19858,07:37,08:07
1274,7122,19858,06:59,07:29
1275,2597,19858,07:14,07:44
1276,434,19858,06:47,07:17
1277,60,19858,07:31,08:01
1278,14769,19858,07:32,08:02
1279,985,19858,06:39,07:09
1280,13375,19858,06:51,07:21
1281,6926,19858,07:30,08:00
1282,639,19858,07:43,08:13
1283,809,19858,07:39,08:09
1284,2799,19858,07:04,07:34
1285,4996,19858,07:07,07:37
1286,11237,19858,08:41,09:11
1287,15844,19858,07:04,07:34
1288,12606,19858,07:11,07:41
1289,1427,19858,07:13,07:43
1290,6033,19858,08:51,09:21
1291,8429,19858,07:25,07:55
1292,11054,19858,06:59,07:29
1293,21695,19858,07:35,08:05
1294,15803,19858,06:57,07:27
1295,21207,19858,07:29,07:59
1296,9030,19858,08:33,09:03
1297,11138,19858,07:08,07:38
1298,10779,19858,07:00,07:30
1299,2869,19858,07:30,08:00
1300,1781,19858,07:34,08:04
1301,558,19858,06:56,07:26
1302,17057,19858,08:59,09:29
1303,3817,19858,06:38,07:08
1304,17361,19858,08:45,09:15
1305,877,19858,07:53,08:23
1306,9646,19858,06:41,07:11
1307,2836,19858,06:50,07:20
1308,8829,19858,06:32,07:02
1309,1637,19858,08:43,09:13
1310,14984,19858,07:38,08:08
1311,2850,19858,06:54,07:24
1312,6469,19858,08:07,08:37
1313,13996,19858,07:24,07:54
1314,11665,19858,06:31,07:01
1315,1720,19858,07:26,07:56
1316,19558,19858,07:47,08:17
1317,21503,19858,07:57,08:27
1318,11971,19858,07:03,07:33
1319,14621,19858,08:51,09:21
1320,9625,19858,06:46,07:16
1321,19038,19858,06:53,07:23
1322,9349,19858,06:51,07:21
1323,7861,19858,08:41,09:11
1324,15758,19858,08:53,09:23
1325,14793,19858,07:19,07:49
1326,10177,19858,07:11,07:41
1327,18732,19858,06:57,07:27
1328,667,19858,06:30,07:00
1329,16029,19858,08:10,08:40
1330,1693,19858,07:17,07:47
1331,9108,19858,08:43,09:13
1332,22685,19858,07:37,08:07
1333,20603,19858,07:33,08:03
1334,19194,19858,08:30,09:00
1335,8092,19858,06:45,07:15
1336,217,19858,07:31,08:01
1337,10630,19858,07:09,07:39
1338,11503,19858,07:32,08:02
1339,3015,19858,08:02,08:32
1340,18502,19858,08:57,09:27
1341,4474,19858,06:35,07:05
1342,7614,19858,08:54,09:24
1343,15403,19858,08:28,08:58
1344,21333,19858,07:11,07:41
1345,22173,19858,06:55,07:25
1346,5342,19858,07:23,07:53
1347,11018,19858,06:32,07:02
1348,13502,19858,07:39,08:09
1349,534,19858,06:42,07:12
1350,5212,19858,07:02,07:32
1351,17208,19858,06:49,07:19
1352,9455,19858,07:18,07:48
1353,18005,19858,07:26,07:56
1354,6130,19858,08:00,08:30
1355,6169,19858,08:25,08:55
1356,13629,19858,06:47,07:17
1357,9511,19858,07:16,07:46
1358,8759,19858,08:29,08:59
1359,9509,19858,07:08,07:38
1360,20223,19858,08:13,08:43
1361,5999,19858,06:34,07:04
1362,2848,19858,07:39,08:09
1363,991,19858,08:05,08:35
1364,1795,19858,07:50,08:20
1365,4691,19858,07:43,08:13
1366,18997,19858,07:09,07:39
1367,18766,19858,06:47,07:17
1368,11483,19858,06:55,07:25
1369,21502,19858,08:10,08:40
1370,19055,19858,07:55,08:25
1371,3874,19858,06:50,07:20
1372,12536,19858,07:38,08:08
1373,20805,19858,06:41,07:11
1374,8283,19858,07:19,07:49
1375,2999,19858,07:49,08:19
1376,11131,19858,07:08,07:38
1377,22712,19858,07:02,07:32
1378,10156,19858,07:56,08:26
1379,5198,19858,08:25,08:55
1380,16933,19858,07:42,08:12
1381,1112,19858,07:00,07:30
1382,4625,19858,08:24,08:54
1383,21111,19858,07:47,08:17
1384,10883,19858,07:35,08:05
1385,7833,19858,06:45,07:15
1386,2083,19858,07:08,07:38
1387,13337,19858,07:44,08:14
1388,9484,19858,07:14,07:44
1389,1392,19858,08:00,08:30
1390,5210,19858,07:29,07:59
1391,22132,19858,07:45,08:15
1392,21537,19858,06:57,07:27
1393,1446,19858,07:47,08:17
1394,14107,19858,08:07,08:37
1395,17269,19858,07:44,08:14
1396,12555,19858,06:59,07:29
1397,5405,19858,07:48,08:18
1398,9459,19858,06:48,07:18
1399,18382,19858,06:46,07:16
1400,22701,19858,08:20,08:50
1401,19798,19858,07:23,07:53
1402,14383,19858,06:46,07:16
1403,21492,19858,07:10,07:40
1404,14543,19858,06:36,07:06
1405,6221,19858,06:36,07:06
1406,2316,19858,08:55,09:25
1407,1559,19858,08:01,08:31
1408,16686,19858,07:21,07:51
1409,20807,19858,07:47,08:17
1410,14742,19858,07:28,07:58
1411,21672,19858,06:58,07:28
1412,7302,19858,06:50,07:20
1413,11666,19858,07:24,07:54
1414,22543,19858,07:53,08:23
1415,10599,19858,07:31,08:01
1416,10299,19858,07:25,07:55
1417,8466,19858,08:04,08:34
1418,15629,19858,06:53,07:23
1419,16038,19858,07:53,08:23
1420,16789,19858,08:13,08:43
1421,8084,19858,07:43,08:13
1422,12766,19858,07:53,08:23
1423,5367,19858,07:50,08:20
1424,22187,19858,06:41,07:11
1425,15127,19858,07:43,08:13
1426,9053,19858,07:43,08:13
1427,18689,19858,07:26,07:56
1428,11553,19858,07:09,07:39
1429,390,19858,07:15,07:45
1430,8151,19858,07:23,07:53
1431,8462,19858,07:10,07:40
1432,4753,19858,06:56,07:26
1433,800,19858,06:56,07:26
1434,6667,19858,07:22,07:52
1435,5220,19858,07:17,07:47
1436,423,19858,08:03,08:33
1437,17284,19858,06:58,07:28
1438,601,19858,07:32,08:02
1439,538,19858,07:53,08:23
1440,8276,19858,06:36,07:06
1441,265,19858,08:19,08:49
1442,1813,19858,07:51,08:21
1443,506,19858,08:36,09:06
1444,19771,19858,08:40,09:10
1445,8145,19858,08:29,08:59
1446,10490,19858,06:55,07:25
1447,21507,19858,07:48,08:18
1448,7296,19858,07:31,08:01
1449,3979,19858,08:10,08:40
1450,8069,19858,08:20,08:50
1451,2282,19858,08:05,08:35
1452,661,19858,07:46,08:16
1453,21461,19858,07:38,08:08
1454,5255,19858,07:00,07:30
1455,17058,19858,08:18,08:48
1456,7512,19858,07:24,07:54
1457,13607,19858,06:53,07:23
1458,21854,19858,08:25,08:55
1459,13515,19858,06:42,07:12
1460,15957,19858,07:42,08:12
1461,8468,19858,06:42,07:12
1462,2574,19858,06:44,07:14
1463,7749,19858,06:36,07:06
1464,22219,19858,07:06,07:36
